,Company,Overall,Work/Life Balance ,Salary/Benefits ,Job Security/Advancement ,Management ,Culture 
0,Accenture,4.0,3.7,3.7,3.8,3.6,3.9
1,Black Cat Data,3.8,3.6,3.5,3.3,3.3,3.4
2,ROKT,4.2,4.1,3.7,3.5,3.9,3.9
3,Allianz,3.9,3.9,3.5,3.5,3.5,3.8
4,Freelancer.com,3.7,3.5,3.9,2.9,3.1,3.5
5,IBM,4.0,4.5,4.0,3.0,4.0,4.5
6,International Institute of Data & Analytics,4.3,4.4,3.8,4.1,4.2,4.3
7,Black Swallow Boutique,5.0,3.9,3.7,3.6,3.0,4.6
8,Fortune Select,4.3,3.7,3.5,3.1,3.2,3.4
9,ROKT,3.6,3.8,3.9,3.3,3.5,3.8
10,ResMed,3.9,3.7,3.3,3.4,3.4,3.6
11,Genworth Australia,3.9,3.8,3.7,3.3,3.1,3.5
12,Tiltsta,3.8,3.4,3.6,3.8,3.7,3.8
13,Ignite,4.0,3.7,3.5,3.0,3.3,3.3
14,C3 IoT,3.6,4.3,4.3,3.8,3.8,4.5
15,SAFETYCULTURE,4.5,4.6,4.9,4.2,4.1,4.3
16,QuantumBlack,4.5,3.9,4.1,3.5,3.6,4.0
17,THE ICONIC,4.2,3.7,3.5,3.6,3.4,3.6
18,OpenText,3.9,3.5,3.6,3.8,3.7,3.9
19,HDR,4.0,3.4,3.2,2.9,3.5,3.7
20,CBRE Asia Pacific,3.8,3.5,2.5,2.0,4.5,4.5
21,Teradata,4.0,2.3,2.7,1.3,2.0,2.3
22,Sirius People,2.0,4.4,4.0,3.8,4.6,4.6
23,KPMG,4.6,4.2,3.9,3.2,3.9,4.0
24,QBE,4.2,3.8,4.2,4.1,4.1,4.1
25,BCG Digital Ventures,4.6,3.7,4.2,3.2,3.4,3.6
26,Optimum Patient Care,3.9,4.4,4.8,5.0,4.4,4.8
27,D2D CRC,4.6,3.8,3.5,3.4,3.4,3.7
28,Atlassian,3.9,3.0,2.0,4.0,3.0,3.0
29,Microsoft,3.5,3.7,3.0,2.3,2.7,3.7
30,Woolworths Supermarket,4.0,4.7,4.3,3.3,3.7,4.7
31,EY,3.7,3.8,2.6,3.0,3.2,3.2
32,Morgan McKinley,4.3,4.6,4.6,4.3,4.3,4.8
33,Office of Environment and Heritage,1.0,3.1,3.3,3.1,3.2,3.4
34,Sportsbet.com.au,3.8,3.5,4.0,3.5,4.0,3.5
35,Victor Chang Cardiac Research Institute,4.6,4.2,4.2,3.2,4.2,4.3
36,CSIRO,3.4,4.0,4.1,3.6,3.7,4.0
37,Keegan Adams,4.0,3.9,3.6,3.3,3.6,3.8
38,Alibaba,4.2,3.9,3.9,3.3,3.6,3.6
39,Fortescue Metals Group,4.2,5.0,4.4,4.2,4.4,4.2
40,Michael Bailey Associates Pty Ltd,4.0,4.8,3.0,3.4,3.8,4.0
41,Alloc8 Recruitment Solutions Pty Ltd,3.9,3.6,3.5,3.0,3.2,3.5
42,Coupa Software,3.6,3.8,3.3,3.1,3.5,3.6
43,Omnicom Group,4.5,4.5,4.5,4.5,4.5,4.5
44,BI & DW,4.2,3.6,3.7,3.1,3.3,3.5
45,Salt Recruitment,3.7,3.8,3.8,3.6,3.5,3.7
46,Culture Amp,3.9,2.6,2.9,2.5,2.5,2.6
47,Clemenger Group,4.0,3.7,3.2,3.2,3.3,3.7
48,APN Outdoor,4.5,4.0,3.0,2.5,3.0,3.5
49,Evolution Recruitment Solutions,3.7,4.3,3.5,3.5,3.1,2.8
50,Mpire Network,4.0,3.8,3.0,2.9,3.4,3.7
51,Greythorn Australia Old,4.0,3.2,3.0,2.8,2.6,3.0
52,CONTINO,2.9,4.0,3.9,3.7,3.9,4.1
53,Triggr,3.7,3.9,4.1,3.6,4.1,4.2
54,Xero,3.5,4.3,4.0,4.0,4.8,4.5
55,Xpand Group,3.9,4.3,4.0,3.3,4.7,4.3
56,GREYTHORN AUSTRALIA,3.5,4.3,3.3,3.3,3.7,4.0
57,borderless talent,3.0,3.8,4.2,3.4,3.4,3.7
58,Profusion Group,4.3,3.5,3.3,3.1,3.4,3.5
59,Australian Securities Exchange (ASX),4.2,4.3,4.7,4.7,5.0,5.0
60,Medius Health,4.8,3.9,4.0,4.0,3.6,4.0
61,Ethos BeathChapman,4.7,3.7,3.3,3.2,3.5,3.6
62,Michael Page,3.7,3.8,3.7,2.9,3.4,3.5
63,Australian Recruiting Group,3.9,4.6,3.3,2.9,3.2,4.1
64,Greythorn,3.6,3.5,3.7,3.7,3.6,3.8
65,Human Capital Management Australia,5.0,3.6,3.6,3.3,3.4,3.6
66,GlaxoSmithKline,4.1,3.7,3.5,3.0,3.3,3.5
67,Bluefin Resources,3.9,3.9,3.9,3.3,3.6,3.8
68,Onset Group Pty Ltd,4.1,4.0,3.0,3.5,3.5,3.0
69,Cbus Super,4.4,4.1,3.8,3.6,3.7,4.0
70,FireSoft Consulting,4.0,3.6,3.4,2.8,3.3,3.4
71,Chandler Macleod,3.8,3.6,3.3,3.1,3.3,3.6
72,ASC Pty Ltd,5.0,3.8,3.8,3.4,3.5,3.7
73,Envato,3.7,4.0,4.0,3.7,3.9,4.4
74,Apex Asset Management,4.0,3.2,4.0,3.0,3.0,3.6
75,Golder Associates,3.5,3.7,3.3,3.6,3.4,3.6
76,T+O+M Executive,4.2,3.9,4.2,3.4,3.6,3.8
77,Correlate Resources,3.6,3.9,3.9,3.5,3.6,3.9
78,Kelly Services,3.7,4.2,4.1,3.1,3.6,3.5
79,NSW Health Service,3.9,4.3,4.2,3.6,3.7,3.8
80,Peoplebank,4.2,4.4,4.4,3.4,3.4,3.2
81,AECOM,3.7,4.8,5.0,5.0,4.8,5.0
82,Prospa,5.0,4.2,4.0,3.6,3.8,4.2
83,Macquarie Group Limited,3.8,3.3,4.0,3.3,3.2,3.4
84,Shelde,4.1,3.4,3.8,3.2,3.4,3.3
85,CSL Behring,4.1,3.9,3.4,3.6,3.6,3.7
86,Hydrogen Group,4.1,3.9,3.5,3.6,3.6,3.8
87,Youman Mind Over Data,4.3,3.8,3.5,3.4,3.0,3.6
88,Mintel Group,4.4,4.5,4.5,4.5,4.8,4.8
89,THEMESOFT,5.0,4.0,3.7,2.7,3.2,4.2
90,Mintel,4.3,3.5,3.8,3.5,4.0,4.0
91,Link Group,3.8,4.0,3.8,3.5,3.6,3.9
92,General Assembly,3.3,4.5,4.0,4.0,5.0,4.5
93,Susquehanna International Group,4.1,3.7,3.8,3.2,3.5,3.7
94,Talent International,3.9,3.2,3.3,2.9,2.9,3.0
95,bar360,3.6,3.8,3.0,2.8,3.0,3.3
96,Daisee,2.0,3.7,3.9,3.5,3.5,3.7
97,Aurec Human Capital Group,4.5,5.0,5.0,4.0,1.0,1.0
98,Tyro,4.0,3.0,3.1,2.9,2.8,2.9
99,Aurec,4.1,3.8,3.7,3.3,3.5,3.7
100,Government of South Australia,3.9,3.7,3.5,3.6,3.4,3.6
101,Talent Insights Group,4.1,3.8,3.9,3.1,3.3,3.8
102,Rio Tinto,4.5,4.0,3.8,4.0,3.9,4.4
103,MINDCLOUD CONSULTANTS,3.9,3.1,3.4,2.4,2.1,2.6
104,CRU International Australia,3.3,4.6,4.4,4.0,4.1,4.1
105,Collabera,3.5,3.3,4.0,3.5,3.6,3.8
106,Clicks IT Recruitment,3.9,3.6,3.5,3.2,3.3,3.5
107,Arup,5.0,3.9,3.3,3.3,3.2,3.7
108,CSK Nexus Pty Ltd,4.0,3.3,4.7,3.0,3.3,3.0
109,FulSearch,3.2,3.5,3.1,2.9,3.0,3.2
110,Compas PTY,3.9,3.8,3.9,3.5,3.6,3.8
111,CSIRO'S DATA61 EMPLOI,3.9,4.0,3.6,3.7,4.1,4.1
112,AustCorp Executive,3.7,4.0,4.1,3.6,3.7,4.0
113,Manpower,4.2,4.0,4.2,3.7,3.7,4.2
114,Queensland Government,2.8,3.8,3.6,2.8,3.0,3.3
115,Infinity pro,4.5,2.7,2.7,2.7,3.0,2.8
116,RedBubble,4.1,3.3,3.1,3.1,3.1,3.4
117,Deloitte,3.7,4.1,4.0,3.3,3.5,3.9
118,The Walter and Eliza Hall Institute of Medical Res...,4.0,3.9,3.7,3.4,3.4,3.9
119,JLL,3.8,3.9,4.1,3.7,3.8,4.0
120,ARQ Group,5.0,3.7,3.5,3.3,3.4,3.4
121,Morgan Consulting,3.3,3.3,3.6,3.0,2.9,2.9
122,Nine Entertainment,3.3,4.5,3.5,4.5,4.5,4.0
123,Embedded Search & Selection,3.9,4.3,4.3,3.3,3.6,3.9
124,WSP,4.5,4.5,4.2,3.8,4.2,3.7
125,SNC-Lavalin,4.2,3.7,3.7,3.5,3.4,3.6
126,Zone IT Solutions,4.2,3.6,3.7,3.2,3.3,3.5
127,Full Circle Partners,3.3,3.8,3.8,3.3,3.4,3.6
128,Agilent,3.5,4.4,4.4,4.0,4.0,4.2
129,Marshall Mcadam,3.5,4.5,4.5,4.0,4.5,5.0
130,Experis,4.1,3.1,3.8,3.4,3.1,3.1
131,Hudson,4.0,4.2,3.8,4.0,4.0,4.2
132,Credit Suisse,4.1,4.6,4.9,4.9,4.8,4.9
133,FourQuarters,3.7,3.1,3.0,2.8,2.8,3.1
134,Charterhouse Partnership,3.0,3.5,2.8,2.8,3.5,3.5
135,Akuna Capital,3.4,4.0,3.9,3.6,4.0,4.2
136,Star of the Sea College,4.0,3.6,3.5,3.4,3.4,3.5
137,Capgemini,5.0,3.8,3.9,3.4,3.6,3.7
138,BHP Billiton,5.0,3.0,3.0,3.1,2.9,3.3
139,Ericsson,4.2,3.6,3.7,3.2,3.2,3.5
140,inDmand,4.3,3.9,4.0,3.6,3.7,4.1
141,First People Recruitment Solutions,3.8,3.7,3.7,3.2,3.4,3.6
142,University of Southern Queensland,2.0,4.0,3.0,4.0,3.5,4.5
143,Public Health Association Australia,3.8,3.8,3.8,3.7,3.4,3.9
144,The University of Western Australia,3.8,5.0,4.5,4.5,4.5,4.5
145,WorkSafe Victoria,4.4,3.9,3.6,3.6,3.5,3.7
146,"Alteryx, Inc.",5.0,3.6,4.0,3.0,3.5,3.3
147,University of New South Wales,3.8,4.0,3.7,3.5,3.5,3.8
148,PIMCO,4.2,4.1,4.1,4.0,3.9,4.1
149,Davidson,4.9,3.7,3.6,3.4,3.7,3.7
150,Ambition,3.3,3.8,3.5,3.8,3.5,3.8
151,Carnival,3.8,3.8,3.9,3.7,3.6,3.9
152,DOMAIN,4.3,3.7,3.9,3.2,3.3,3.6
153,Servian,3.7,4.0,4.0,3.5,3.5,3.5
154,Fuse Recruitment,4.0,3.8,3.7,3.2,3.5,3.7
155,Deputy,3.5,3.9,4.1,3.3,3.1,3.5
156,BuzzFeed,3.7,4.4,4.2,3.6,3.9,4.2
157,Pepper,4.2,4.5,4.0,4.1,4.3,4.6
158,Nokia,3.8,2.3,2.0,1.8,1.8,2.0
159,EnergyLink,4.0,3.5,3.5,2.7,3.1,3.3
160,Lendlease,3.9,3.7,3.6,3.8,3.4,3.9
161,Wizeline,4.0,3.5,3.0,2.3,2.3,2.3
162,Catalent Pharma Solutions,4.5,3.8,3.9,3.2,3.4,3.6
163,The Leading Edge,4.0,3.3,4.0,3.4,3.0,3.4
164,JPMorgan Chase,3.6,3.8,4.0,3.7,4.0,4.1
165,DataRobot,4.0,3.6,3.4,2.5,3.3,3.3
166,DFP Recruitment Services Pty Ltd,4.0,3.9,3.7,3.8,3.6,3.9
167,Mediacom Communications Corporation,4.2,3.8,3.5,3.6,3.6,3.7
168,UBS,4.0,3.6,3.4,3.3,3.3,3.4
169,Woolworths Supermarket,4.0,4.1,3.4,3.5,3.7,4.1
170,Pivotal Labs Inc,4.0,3.4,4.0,3.5,3.1,3.0
171,ThoughtWorks,3.8,3.3,3.2,3.2,3.0,3.1
172,SA Health,4.5,4.3,4.3,4.3,4.0,4.3
173,Mars Recruitment Australia,3.9,3.8,3.8,3.7,3.6,3.7
174,Premonition,3.9,4.6,4.6,4.8,4.6,4.6
175,South32,4.5,4.2,2.8,4.0,3.2,4.0
176,hipages,4.6,4.0,4.0,3.7,3.7,3.8
177,Goldman Sachs,3.0,4.2,4.7,4.6,4.6,4.8
178,PAREXEL,3.0,3.7,3.8,3.6,3.6,3.9
179,Conkerberry Games Recruitment,3.0,4.5,4.0,4.0,4.5,4.5
180,ACRWORLD,3.6,3.5,3.1,3.1,3.0,3.3
181,Morningstar,4.0,3.6,3.3,3.0,3.1,3.3
182,Sustainability Consulting,2.8,4.4,3.9,3.8,3.9,4.2
183,Saul Recruitment,5.0,3.4,3.8,3.1,3.3,3.5
184,Seeing Machines,3.9,3.4,3.3,2.9,3.3,3.4
185,DXC Technology,3.7,3.6,3.5,3.5,3.5,3.7
186,Citi,4.1,3.2,3.2,3.0,3.0,3.2
187,Save The Children Australia,3.8,4.1,4.4,3.9,4.0,4.0
188,Clear Recruitment,4.2,3.5,3.7,3.0,2.9,3.5
189,Bayer,4.0,3.8,3.7,3.4,3.3,3.4
190,Salesforce,3.7,4.1,4.2,3.9,4.0,4.4
191,TheDriveGroup,4.0,3.6,3.5,3.1,3.3,3.5
192,Australian Wildlife Conservancy,4.0,3.4,3.5,3.2,3.2,3.3
193,CONVIVA,3.3,3.5,3.5,2.7,3.1,3.3
194,ACT HEALTH,4.0,3.9,3.6,3.5,3.4,3.6
195,Travelex,4.0,4.0,3.8,3.7,3.6,3.7
196,Infy Australia,4.6,3.7,3.9,3.3,3.5,3.6
197,Hyper Anna,4.2,3.8,3.9,3.1,3.4,3.6
198,Autodesk,4.0,4.0,3.6,3.5,3.5,3.7
199,Square,4.9,3.9,3.8,3.8,3.8,3.6
200,KBR,4.1,4.5,4.0,4.5,4.5,4.5
201,Monica Clare Recruitment,4.5,4.1,3.8,3.6,3.6,3.7
202,Whizdom Recruitment,5.0,4.5,4.5,4.0,4.0,4.0
203,Equifax,3.4,3.4,3.4,3.2,3.1,3.4
204,Spark Recruitment,3.5,4.1,4.0,3.7,3.9,4.2
205,Peter MacCallum Cancer Centre,4.3,2.7,2.0,3.5,3.0,2.5
206,opus recruitment solutions,3.7,3.7,3.9,3.4,3.5,3.7
207,en world,3.6,3.9,3.9,3.5,3.4,3.8
208,Piktochart,3.8,3.8,3.7,3.1,3.3,3.3
209,talent nation,3.4,3.9,3.8,3.2,3.5,3.6
210,realestate.com.au,4.3,4.2,3.8,3.8,3.6,3.8
211,AIRTREE VENTURES,3.9,5.0,5.0,5.0,5.0,5.0
212,Queensland University of Technology,3.8,3.2,3.5,2.6,2.9,3.1
213,University Of Canberra,4.5,3.7,3.6,3.5,3.6,3.8
214,Australian Hearing,3.7,4.0,4.0,3.5,3.4,3.7
215,Digital Gurus,3.6,2.3,2.0,1.3,1.7,1.7
216,CITI Recruitment,3.6,3.4,3.7,3.0,3.1,3.3
217,Canberra Consulting,3.9,4.0,3.7,4.0,4.0,3.3
218,KAPiTAL CONSULTING,4.0,3.9,3.6,3.4,3.6,3.7
219,Finite IT,3.9,3.8,3.9,3.3,3.4,3.7
220,Limelight Consulting Group Pty Ltd,3.0,3.8,3.4,3.1,3.6,3.7
221,Headcount Solutions Ltd.,3.9,3.5,3.8,3.3,3.0,3.3
222,COUNTERPOINT,4.1,3.6,3.5,3.3,3.4,3.7
223,Zx Ventures,4.0,4.0,4.0,3.8,3.9,4.0
224,Catapult Sports,4.5,3.9,2.9,3.7,3.6,3.6
225,MitchelLake,4.0,3.9,3.8,3.5,3.5,3.8
226,Jenkin Beattie,4.0,4.0,3.8,3.8,3.7,3.9
227,Infopeople,4.0,2.9,2.3,1.8,1.8,2.3
228,Boral,3.6,3.6,3.7,3.2,3.3,3.5
229,TEG Pty Ltd,4.3,3.0,3.5,3.3,4.0,3.0
230,QBE Insurance,4.2,3.5,3.6,3.3,3.5,3.7
231,Winning Group,4.0,2.5,2.5,1.5,1.5,1.5
232,nib health funds limited,3.9,3.4,3.5,3.1,3.3,3.4
233,Oliver Wyman,3.7,3.9,3.4,3.2,3.6,3.6
234,Domain Group,3.9,3.0,3.0,2.8,2.8,3.1
235,people2people,4.4,3.5,3.8,3.5,3.4,3.7
236,Winc ANZ,5.0,3.6,3.6,3.1,3.3,3.6
237,HelloFresh,3.2,4.0,4.0,3.5,3.5,4.1
238,The Network IT,4.0,4.0,4.0,3.7,3.5,3.9
239,ASIC,4.1,3.6,3.4,2.8,3.1,3.4
240,Whistle Funds Management,2.3,3.7,3.5,3.3,3.4,3.6
241,UNICEF,5.0,3.8,3.6,3.4,3.4,3.6
242,Harvey Norman,3.5,2.7,3.1,2.7,2.9,3.0
243,St Vincent de Paul Society NSW,4.3,3.3,3.3,3.1,2.9,3.1
244,Downer NZ,3.9,3.3,2.7,3.3,2.0,2.7
245,Smart Group,3.9,3.9,4.0,3.5,3.7,4.0
246,Experian,3.9,3.7,3.0,3.4,3.6,3.9
247,Danone,3.3,3.9,4.0,3.7,3.8,4.0
248,Cubic Corporation,3.8,2.8,2.6,3.0,2.8,3.0
249,Digital Alchemy,4.2,3.6,3.4,2.8,3.0,2.8
250,Yodlee,3.9,3.8,3.6,3.5,3.5,3.4
251,Reprise Media Australia,4.0,4.1,4.0,3.6,3.8,4.0
252,Cover Genius,4.1,3.3,3.7,2.9,2.9,3.5
253,HEALTHDIRECT AUSTRALIA,2.4,4.3,4.3,4.3,5.0,5.0
254,Alchemy Recruitment Consulting,3.8,2.8,4.2,4.3,3.6,3.4
255,Manpower Services (Hong Kong) Limited,3.5,3.8,3.8,3.5,3.5,3.8
256,Department of Social Services,3.8,4.8,5.0,2.8,3.5,3.8
257,EnergyAustralia,2.0,3.9,3.9,3.5,3.6,3.9
258,NPS MedicineWise,3.7,3.8,4.2,3.8,3.9,4.1
259,AMP,3.8,3.4,3.5,3.2,3.1,3.3
260,Mine Wealth + Wellbeing,3.0,3.7,3.5,3.4,3.5,3.7
261,RMIT University,3.9,4.2,3.6,3.1,3.1,3.9
262,Caltex,3.7,3.6,3.0,2.6,3.5,3.7
263,Cognizant Technology Solutions,4.0,3.9,3.6,3.7,3.6,3.5
264,Qantas,4.0,3.7,3.4,3.2,3.4,3.5
265,Tiny Technologies Inc.,4.1,3.7,3.4,3.2,3.4,3.5
266,Datarati,3.6,3.7,3.5,3.2,3.3,3.4
267,AustralianSuper,3.8,3.8,3.7,3.6,3.6,3.8
268,Equitise Pty Ltd,3.8,4.5,4.5,5.0,3.5,4.0
269,General Electric,3.3,3.7,3.6,3.2,3.3,3.6
270,TAL,3.5,3.7,3.6,3.3,3.3,3.6
271,Australian Criminal Intelligence Commission (ACIC),3.7,3.0,3.0,3.5,3.8,3.5
272,Cushman & Wakefield,4.0,3.6,3.2,3.5,3.3,3.6
273,Sydney Water,4.2,4.5,3.5,3.5,3.5,4.5
274,University of Melbourne,3.7,3.6,4.0,3.3,3.2,3.5
275,and chill,4.2,4.3,3.8,4.0,4.3,4.5
276,Cru,2.8,2.7,3.7,3.1,3.6,3.8
277,Hansen Technologies,3.4,3.4,3.3,2.6,2.6,3.2
278,icare NSW,3.9,3.7,3.5,3.2,3.1,3.7
279,Resonate Solutions,4.3,3.5,3.3,3.4,3.3,3.5
280,TabCorp Holdings,3.5,3.8,3.7,3.4,3.6,3.8
281,Project Professional Services,5.0,4.0,4.2,3.3,3.2,3.6
282,Aimia,4.3,3.6,3.4,3.1,3.3,3.5
283,Colonial First State,4.0,3.7,3.7,3.2,3.4,3.5
284,CATCH GROUP,4.0,3.4,3.4,3.3,2.8,3.1
285,ACT Government,4.6,3.7,3.6,3.4,3.4,3.7
286,Luxury Escapes,4.0,3.6,3.4,3.3,3.2,3.6
287,WorleyParsons,4.2,4.1,3.8,3.6,3.6,3.7
288,RACV,3.6,4.2,3.9,3.6,3.5,3.8
289,CPB Contractors,3.8,3.5,3.2,3.2,3.1,3.3
290,Bendon,3.6,3.9,3.9,3.5,3.7,3.9
291,Virgin Australia Airlines,4.0,3.4,3.7,3.8,3.7,3.9
292,David Jones,4.0,4.1,3.8,3.6,3.6,3.7
293,ISS Facility Services,3.8,3.8,3.9,3.4,3.6,3.7
294,Blackwoods,5.0,3.8,3.7,3.2,3.4,3.6
295,The Star Entertainment Group,3.8,3.8,4.2,3.6,3.8,3.9
296,Index Exchange,3.6,4.0,4.0,3.6,3.8,4.0
297,Konekt,4.0,4.4,4.1,3.7,3.9,4.2
298,Goal Professional Services,1.0,3.7,4.0,4.0,4.3,4.7
299,Australia Post,5.0,3.1,2.8,2.8,2.4,2.9
300,Veritas Recruitment,3.8,3.0,2.5,2.8,2.7,2.8
301,St.George Bank,3.8,4.0,4.0,3.5,3.0,3.0
302,Westpac Group,3.8,3.5,4.2,3.3,3.4,4.1
303,LiveHire,3.7,3.8,3.4,3.4,3.5,3.7
304,Ashdown People,4.0,3.5,4.0,3.0,3.5,4.0
305,Toyota,3.6,3.5,3.1,3.1,3.2,3.4
306,Bass Coast Shire Council,4.4,4.1,4.0,3.7,3.9,4.2
307,Terra Firma,3.7,3.6,4.2,3.8,3.9,4.2
308,Cigniti Technologies,3.3,3.2,3.4,3.0,2.9,3.0
309,Ricoh,3.6,4.1,3.7,3.4,3.8,4.0
310,SAP DIGITAL PTY. LTD.,3.8,3.8,3.7,3.5,3.4,3.7
311,BT Financial Group,4.0,3.5,3.3,3.0,3.3,3.3
312,Kellogg Company,3.8,3.7,3.7,3.4,3.5,3.6
313,Hays,3.7,4.4,4.0,3.6,3.4,3.9
314,Blue Care,3.8,3.7,4.1,3.6,3.6,3.7
315,Gallagher,3.1,4.1,3.7,3.4,3.4,3.9
316,Cochlear Ltd,3.9,3.9,3.2,2.9,3.4,3.7
317,Brookfield Asset Management,3.8,3.7,3.5,3.5,3.4,3.6
318,Oneflare,4.0,3.2,3.3,2.3,2.8,2.9
319,News Corp Australia,4.1,4.0,3.7,3.6,3.7,3.9
320,Fernway,3.6,3.4,3.9,3.1,3.2,3.5
321,MINTER ELLISON LAWYERS,4.2,4.2,4.1,3.7,3.9,4.0
322,Motion Recruitment,4.0,3.6,3.8,3.3,3.4,3.5
323,NICHE212,4.0,3.1,3.0,2.4,2.6,3.2
324,Launch Recruitment,5.0,4.0,4.1,3.6,3.7,3.9
325,Korn Ferry International,4.0,3.6,3.7,3.6,3.4,3.7
326,FIS Global,3.8,3.6,3.2,3.7,3.4,3.7
327,Aimia,4.1,3.7,3.4,3.2,3.2,3.4
328,Pinnacle Drinks,4.2,4.0,4.0,4.0,4.0,4.0
329,Oracle,4.3,3.7,3.9,3.8,3.8,4.1
330,Department of Health and Human Services,4.0,3.7,3.6,3.5,3.4,3.6
331,nbn™,4.0,4.5,4.5,3.0,4.5,4.5
332,Total Resource Solutions,3.0,3.3,3.0,3.0,3.0,3.3
333,Origin Energy,2.9,3.3,4.5,3.8,3.0,3.4
334,Herbert Smith Freehills,3.7,3.0,2.5,3.0,3.0,3.0
335,Carlton & United Breweries,3.9,3.6,2.7,2.8,2.7,3.2
336,NEXTDC,3.9,3.2,3.5,3.2,3.5,3.8
337,Standard & Poor's,5.0,4.3,3.3,3.4,3.6,4.0
338,Perigon Group,4.0,3.2,4.0,2.6,2.7,3.1
339,O'Brien Glass Industries,3.5,3.6,4.0,2.7,2.8,3.2
340,Meat & Livestock Australia,4.3,4.2,4.4,3.4,3.5,4.1
341,DB Schenker Logistics,4.2,3.5,3.5,3.2,3.2,3.4
342,Pernod Ricard,4.0,3.6,3.6,3.4,3.3,3.8
343,Infigen,4.0,3.4,3.2,4.0,3.6,3.8
344,ITL Australia,3.2,3.8,4.1,3.3,3.1,3.9
345,Harris Farm,4.2,4.0,3.8,3.6,3.5,3.7
346,Medtronic,4.0,3.7,3.8,3.3,3.2,3.5
347,Talenza,3.8,3.5,3.5,3.0,3.0,3.3
348,"Guidewire Software, Inc.",3.9,4.2,3.0,4.0,3.8,4.0
349,Medibank,3.9,3.6,3.2,3.1,3.3,3.5
350,Zurich Insurance Group,4.0,3.8,3.6,3.0,3.2,3.4
351,Zurich Financial Services Australia,3.0,3.5,3.5,3.2,3.1,3.3
352,Attribute Consulting,3.8,,,,,
353,Evolution Mining,3.8,3.3,3.7,3.3,3.3,3.4
354,Vodafone,3.7,3.5,3.5,3.2,3.2,3.3
355,Rolls-Royce,3.5,3.5,3.3,3.1,3.2,3.3
356,Alpha People,4.1,3.8,3.8,3.6,3.3,3.7
357,Sibelco Australia,3.8,3.9,3.9,3.3,3.6,3.8
358,Leonardo Consulting,4.1,4.0,3.8,3.6,3.7,4.1
359,Laureate International Universities,3.9,3.3,3.0,2.0,2.3,3.7
360,SLR Consulting,3.4,5.0,5.0,4.0,5.0,5.0
361,Gilbert + Tobin,4.1,3.8,3.9,3.4,3.5,3.7
362,Australian Institute of Company Directors,3.9,3.8,4.0,3.3,3.4,3.7
363,Colliers International,3.8,3.9,4.0,3.0,3.5,3.7
364,BAE Systems,3.6,3.6,3.2,3.7,3.8,3.8
365,Robert Half,5.0,3.9,4.0,3.5,3.6,3.8
366,Bauer Media Australia,4.5,3.0,3.0,3.3,2.7,4.0
367,Silk Recruitment,3.6,4.5,4.1,3.5,3.9,4.1
368,CHARTER BRIDGE CONSULTING,3.9,4.4,4.2,3.6,3.8,4.0
369,Nielsen,4.5,3.9,3.9,3.6,3.6,3.9
370,Leadbolt,3.3,3.7,3.3,2.9,3.2,3.6
371,Teekay Shipping Philippines,3.7,3.9,4.1,3.4,3.4,3.8
372,Albury Wodonga Health,3.5,1.9,2.8,2.5,2.9,3.3
373,Telstra,3.0,4.3,4.2,4.3,4.0,4.1
374,ANZ Banking Group,3.8,3.9,4.0,3.5,3.5,3.8
375,Slater & Gordon,3.9,1.0,2.0,1.0,1.0,1.0
376,Data Talent Australia,3.3,3.4,3.5,3.1,3.2,3.2
377,Boral,3.3,5.0,5.0,4.7,5.0,5.0
378,Genesiscare,4.3,3.1,3.3,2.8,3.3,3.5
379,Robert Walters,3.8,3.4,3.6,3.0,3.2,3.5
380,Torrens University Australia,4.1,3.6,3.4,3.7,3.5,3.6
381,UGL Limited,3.9,4.2,3.8,3.2,3.5,3.9
382,BIS,4.0,4.8,4.3,4.0,5.0,5.0
383,Employers Mutual,3.9,3.4,3.4,2.8,3.1,3.1
384,PepsiCo,4.0,4.0,4.3,3.4,3.5,3.9
385,Tiger & Co Recruitment,3.8,3.5,3.8,3.9,3.4,3.4
386,Broadspectrum,3.6,3.5,3.7,2.6,2.5,2.9
387,Australian Prudential Regulation Authority (APRA),4.3,3.5,3.1,3.0,3.3,3.4
388,HomeAway,3.8,3.6,3.2,3.7,3.4,3.7
389,Softlabs Pty Ltd,3.7,3.8,3.6,3.4,3.4,3.7
390,Brisbane City Council,3.6,3.7,3.9,3.2,3.2,3.4
391,Cardno,4.0,2.6,2.9,3.1,2.5,2.7
392,Canon,3.7,3.0,5.0,2.0,2.0,2.0
393,IAG,3.6,4.1,4.1,3.5,3.7,4.0
394,Aston Carter,3.0,3.4,3.5,3.1,3.1,3.3
395,Hanson,3.5,3.3,4.2,3.3,2.7,3.0
396,IFAA,3.9,5.0,5.0,5.0,5.0,5.0
397,Paxus,4.0,3.8,3.4,2.7,3.1,3.8
398,Reliable Resourcing,4.1,4.1,3.9,3.6,3.6,3.9
399,Novartis,5.0,3.9,4.0,3.2,3.4,3.7
400,The Athlete's Foot,3.0,3.6,3.2,3.5,3.3,3.6
401,GMT People,5.0,3.9,3.5,3.1,3.3,3.6
402,Nestlé,4.0,3.4,3.9,3.1,3.0,3.4
403,AccessHQ,5.0,3.7,3.0,3.0,3.3,3.4
404,APA Group,5.0,3.8,3.8,3.0,3.3,3.8
405,Pilbara Ports Authority,4.0,3.4,3.2,3.0,3.0,3.6
406,Auto & General Insurance,4.0,4.0,4.1,3.7,3.6,3.9
407,Aristech Pty Ltd,3.8,3.8,3.3,3.3,3.3,4.1
408,The University of Queensland,3.9,4.0,3.7,3.2,3.5,3.6
409,DocuSign,4.1,3.9,3.8,3.5,3.4,3.7
410,GWF,3.3,3.9,3.8,3.0,3.3,3.4
411,Corrections Victoria,4.5,3.8,3.9,3.5,3.6,3.9
412,Supply Chain,4.4,3.4,3.3,3.2,3.2,3.6
413,Tekskills,4.1,5.0,5.0,5.0,5.0,5.0
414,PARITY CONSULTING,3.5,3.9,4.1,3.7,3.4,3.6
415,Reserve Bank of Australia,4.0,3.7,4.1,4.4,3.8,4.1
416,Philips,5.0,3.9,3.7,3.0,3.3,3.6
417,profisee,4.0,3.7,3.3,2.3,2.0,3.0
418,British American Tobacco,3.0,3.5,3.6,3.1,3.1,3.4
419,Precruitment,4.1,3.9,4.0,3.4,3.6,3.9
420,International SOS,4.0,3.9,3.9,3.3,3.5,3.8
421,GroupM,4.0,3.5,4.2,3.4,3.4,3.7
422,SiteMinder,1.0,5.0,5.0,5.0,5.0,5.0
423,Parks Victoria,3.7,3.3,3.0,2.8,2.8,3.0
424,Knight Frank,5.0,3.9,3.8,3.6,3.5,3.8
425,comparethemarket.com.au,3.3,3.2,3.2,2.8,3.1,3.6
426,Unisys,3.7,4.0,2.8,2.8,3.8,3.8
427,RURALCO,3.8,3.5,3.4,3.2,3.2,3.4
428,Metcash,3.9,3.7,3.3,2.9,3.4,3.4
429,Department of Justice and Regulation,5.0,2.5,3.0,3.0,3.0,3.0
430,Bank of Queensland,5.0,3.9,3.8,3.6,3.7,4.0
431,VGW,3.4,3.7,3.9,3.3,3.4,3.6
432,Victorian Government,4.1,3.6,3.4,2.7,3.0,3.4
433,Willis Towers Watson,3.9,3.7,3.6,3.4,3.5,3.7
434,TNT,3.2,2.8,2.8,2.3,2.8,3.0
435,Dialog Information Technology,3.6,3.9,3.8,3.4,3.5,3.7
436,Technology People Group,3.8,3.8,3.7,3.1,3.4,3.5
437,Balance Recruitment,4.0,2.7,3.0,2.3,2.4,2.5
438,Ignite Specialist Recruitment Services,3.7,3.7,3.2,2.4,2.3,3.2
439,Genesis IT&T Pty Ltd,3.7,3.8,4.7,3.3,3.3,3.8
440,Tech Mahindra,3.2,3.0,3.7,3.0,2.5,2.7
441,HPR Consulting,3.0,5.0,1.0,2.0,1.0,5.0
442,Children's Cancer Institute,4.2,3.9,4.0,3.6,3.7,3.9
443,Queensland Rail,3.6,4.3,4.3,4.0,3.7,4.3
444,onpoint 365,2.0,4.2,4.0,3.4,3.5,4.0
445,Clayton Utz,3.4,3.5,3.8,3.1,3.2,3.4
446,Ashdown Consulting,4.5,2.3,3.0,1.7,2.3,2.7
447,R/GA,3.7,3.3,3.0,4.0,2.7,4.0
448,Zinfra Group,4.1,3.6,3.8,3.7,3.7,3.6
449,Forrester,3.9,3.7,3.8,3.4,3.4,3.7
450,SIBELCO,3.7,3.0,3.1,2.7,3.0,2.9
451,eBay Inc.,2.0,4.1,4.0,3.8,3.8,3.9
452,Lawson Grains,3.7,3.8,3.8,3.2,3.5,4.1
453,Airservices Australia,3.5,3.5,3.4,3.4,3.4,3.6
454,Marsh,3.7,3.8,3.5,3.2,3.5,3.7
455,AIG,3.8,3.8,4.2,3.4,3.4,3.6
456,HCF,3.6,3.9,4.2,3.5,3.9,4.1
457,TripADeal,4.3,3.0,3.0,3.0,3.0,3.0
458,Fuji Xerox Pty Limited,3.8,4.0,4.0,2.6,3.1,4.1
459,Dimension Data,4.2,3.8,3.4,4.1,3.5,3.7
460,Standard & Poor's,3.9,3.6,3.9,2.6,3.3,3.3
461,Amadeus IT Group SA,3.7,5.0,5.0,5.0,5.0,5.0
462,CPT Global,4.0,5.0,5.0,3.5,4.5,5.0
463,Progressive Recruitment,3.4,3.6,3.9,3.2,3.2,3.5
464,Ferrero,5.0,3.7,3.6,3.3,3.5,3.6
465,PwC,3.9,3.9,3.7,2.8,3.3,3.5
466,Standard & Poor's,4.1,,,,,
467,Pinpoint Talent,3.7,,,,,
468,Downer NZ,2.7,,,,,
469,EDT Global Pty Ltd,3.6,,,,,
470,Leidos,4.1,,,,,
471,Exclaim IT Pty Ltd,4.0,,,,,
472,Bechtel,3.9,,,,,
473,American Express,5.0,,,,,
474,Perceptor,3.3,,,,,
475,Hey Talent Inc,4.0,,,,,
476,Deakin University,3.8,,,,,
477,HOSTPLUS Pty Ltd,3.2,,,,,
478,Analytic Partners,3.6,,,,,
479,Australian Unity,3.8,,,,,
480,Peregrine Corporation,5.0,,,,,
481,Data Action,3.0,,,,,
482,Palantir Technologies,3.0,,,,,
483,Target Australia,4.1,,,,,
484,Decipher Bureau,3.8,,,,,
485,NAKAMA,3.1,,,,,
486,Reo Group,3.0,,,,,
487,U&U RECRUITMENT PARTNERS,5.0,,,,,
488,Spring Professional,3.9,,,,,
489,Brightstar,2.8,,,,,
490,Continuum Recruitment,4.0,,,,,
491,Pernod Ricard,3.8,,,,,
492,Boston Consulting Group,5.0,,,,,
493,Mayday Recruitment,2.6,,,,,
494,Sharp & Carter,3.0,,,,,
495,FutureYou,3.0,,,,,
496,Walker Andersen,3.9,,,,,
497,Technology One Limited,3.1,,,,,
498,Brightstar Corp,3.5,,,,,
499,Monash University,4.1,,,,,
500,Linfox,4.3,,,,,
501,Janus Henderson,4.2,,,,,
502,Morgan Stanley,3.7,,,,,
503,DX SOLUTIONS,5.0,,,,,
504,Fitzgerald Jenkins Recruitment,2.7,,,,,
505,Callaways Executive Selection,3.3,,,,,
506,Nintex,3.9,,,,,
507,Glencore,3.9,,,,,
508,Eureka Learning Centre,3.0,,,,,
509,Naviro,3.2,,,,,
510,Connect One Recruitment,4.1,,,,,
511,HERE Technologies,3.8,,,,,
512,Uber,4.0,,,,,
513,Reece Group,3.8,,,,,
514,Cashrewards,3.0,,,,,
515,7 Recruitment,3.9,,,,,
516,Oxygen Executive,4.0,,,,,
517,Kleenheat,4.3,,,,,
518,Metropol Recruitment,3.5,,,,,
519,Datacom,4.0,,,,,
520,ServiceNow,4.0,,,,,
521,Australian Catholic University,3.6,,,,,
522,OpenAgent,5.0,,,,,
523,Coulon Consulting Recruitment Services,4.5,,,,,
524,WesTrac,3.8,,,,,
525,Beacham Group Pty Ltd,3.8,,,,,
526,Apptio,5.0,,,,,
527,Mastercard,5.0,,,,,
528,Amdocs,3.9,,,,,
529,Healthcare Professionals Group,,,,,,
530,XPAND YAHOO,,,,,,
531,Wipro,,,,,,
532,BNY Mellon,,,,,,
533,INPEX Corporate,,,,,,
534,Sustainability Consulting,,,,,,
535,The Treasury,,,,,,
536,Quay Appointments,,,,,,
537,Coles,,,,,,
538,Porterallen,,,,,,
539,S2M,,,,,,
540,Gough Recruitment,,,,,,
541,MullenLowe Profero,,,,,,
542,Programmed Professionals,,,,,,
543,Pharmaceutical & Medical Professionals,,,,,,
544,Outskill,,,,,,
545,Yarra Trams,,,,,,
546,carsales.com.au,,,,,,
547,Belgravia Leisure,,,,,,
548,Interpro,,,,,,
549,Latitude Financial Services,,,,,,
550,Aurizon,,,,,,
551,Actelion,,,,,,
552,Splunk,,,,,,
553,Pegasystems,,,,,,
554,Canva,,,,,,
555,World Vision Australia,,,,,,
556,WaveMaker,,,,,,
557,Horizon Pty,,,,,,
558,Power IT Consultancy,,,,,,
559,Baker Andersen,,,,,,
560,Appreciating Talent,,,,,,
561,Qlik,,,,,,
562,Suncorp Group,,,,,,
563,Gartner,,,,,,
564,VeriFone,,,,,,
565,Betsson Group,,,,,,
566,TR3 Recruitment,,,,,,
567,Replenishment,,,,,,
568,Wolters Kluwer,,,,,,
569,Veolia,,,,,,
570,Avenir Consulting,,,,,,
571,RB,,,,,,
572,Konica Minolta Business Solutions Australia,,,,,,
573,Latitude IT,,,,,,
574,Appetency Recruitment Services,,,,,,
575,"Cloud Lending, Inc",,,,,,
576,Bloc IT Recruitment,,,,,,
577,State Street,,,,,,
578,Bendigo Bank,,,,,,
579,Human Outsource,,,,,,
580,Wood Group,,,,,,
581,Saptureinternational,,,,,,
582,Jenny Barbour,,,,,,
583,TIBCO Software,,,,,,
584,Denovo Consulting Group,,,,,,
585,FUSION PROFESSIONALS,,,,,,
586,nVision Talent,,,,,,
587,Jivaro Group,,,,,,
588,Stellar Recruitment,,,,,,
589,Velrada,,,,,,
590,Adaps,,,,,,
591,Grant Executive Search,,,,,,
592,PBI Search,,,,,,
593,HARD Software,,,,,,
594,Cloud IQ,,,,,,
595,Cytora,,,,,,
596,intelia,,,,,,
597,Hello Sunday Morning,,,,,,
598,BI Group,,,,,,
599,ManTech International Corporation,,,,,,
600,Komatsu,,,,,,
601,MobileIron,,,,,,
602,Fingerprint For Success,,,,,,
603,Image Intelligence,,,,,,
604,Hyre Pty Ltd,,,,,,
605,Sajari,,,,,,
606,NHP,,,,,,
607,Lockheed Martin,,,,,,
608,Elenium Automation,,,,,,
609,Become,,,,,,
610,Big Wave Digital,,,,,,
611,FCT & Property,,,,,,
612,Everledger,,,,,,
613,ConsenSys,,,,,,
614,University of Adelaide,,,,,,
615,Zendesk,,,,,,
616,Siemens AG,,,,,,
617,Gravity Consultants,,,,,,
618,Fairfax Media,,,,,,
619,VMware,,,,,,
620,Satalyst,,,,,,
621,Professional Search Group,,,,,,
622,DWS LIMITED,,,,,,
623,The Argyle Network,,,,,,
624,TekFinder,,,,,,
625,ARQ Group,,,,,,
626,Ampstek Australia Pty Ltd,,,,,,
627,Sterning,,,,,,
628,ASIO,,,,,,
629,AmpsTek,,,,,,
630,Nigel Frank International,,,,,,
631,Peninsula Health,,,,,,
632,Tyroola,,,,,,
633,Hawkesbury City Council,,,,,,
634,Greater Bank,,,,,,
635,Thales,,,,,,
636,MERCYCARE,,,,,,
637,Sarina Russo Job Access,,,,,,
638,Department of Health and Ageing,,,,,,
639,Think: Education Group,,,,,,
640,Wellways,,,,,,
641,Parametric,,,,,,
642,Avanade,,,,,,
643,DEPARTMENT OF HOME AFFAIRS,,,,,,
644,Future Stars Early Learning Centres,,,,,,
645,Dimodelo Solutions,,,,,,
646,Technology Talent Pty Ltd,,,,,,
647,Bureau of Meteorology,,,,,,
648,HR Partners,,,,,,
649,ActiveXchange Pty Ltd,,,,,,
650,BIT Group,,,,,,
651,Australian Government Clean Energy Regulator,,,,,,
652,Genesys,,,,,,
653,Biogen,,,,,,
654,Verify Consulting,,,,,,
655,Comensura PTY Ltd,,,,,,
656,Victoria Police,,,,,,
657,Australian Competition & Consumer Commission (ACCC...,,,,,,
658,GlobalData Plc.,,,,,,
659,Hitachi Vantara,,,,,,
660,Synergy Solutions,,,,,,
661,Path4 Technology,,,,,,
662,Wipro,,,,,,
663,South Pole Group,,,,,,
664,The Department of Parliamentary Services,,,,,,
665,Heritage Bank,,,,,,
666,Department of Agriculture & Water Resources,,,,,,
667,Zoetis,,,,,,
668,DBC Advisory,,,,,,
669,Fresh Gravity,,,,,,
670,Mineral Resources,,,,,,
671,Rocky Bay,,,,,,
672,Isle Utilities,,,,,,
673,Professional Advantage Australia,,,,,,
674,IP Australia,,,,,,
675,Eli Lilly,,,,,,
676,Thermo Fisher Scientific,,,,,,
677,Empired,,,,,,
678,emarsys eMarketing Systems,,,,,,
679,AppDynamics,,,,,,
680,Barry Plant,,,,,,
681,"LogMeIn, Inc.",,,,,,
682,Dassault Systèmes,,,,,,
683,Symantec,,,,,,
684,Tech Mahindra,,,,,,
685,Greencross Limited,,,,,,
686,EV Technologies,,,,,,
687,Hewlett Packard Enterprise,,,,,,
688,Aristocrat Technologies,,,,,,
689,Insider,,,,,,
690,Aspect Software,,,,,,
691,Just Eat,,,,,,
692,La Trobe University,,,,,,
693,MicroChannel,,,,,,
694,CALUMO,,,,,,
695,Tableau,,,,,,
696,ATS Careers,,,,,,
697,VicRoads,,,,,,
698,Optus,,,,,,
699,BAE Systems Applied Intelligence,,,,,,
700,ING,,,,,,
701,Xaxis,,,,,,
702,Preston James,,,,,,
703,Department of Veterans Affairs,,,,,,
704,Australian Department of Defence,,,,,,
705,Panalysis Pty Ltd,,,,,,
706,LexisNexis,,,,,,
707,Department of Industry,,,,,,
708,CHEP,,,,,,
709,Ever Better Recruitment (EBR),,,,,,
710,Boehringer Ingelheim,,,,,,
711,Jacobs,,,,,,
712,Sustainability Victoria,,,,,,
713,Stackla,,,,,,
714,Verizon,,,,,,
715,Hamilton Professional,,,,,,
716,Denodo,,,,,,
717,Court Services Victoria,,,,,,
718,FUTRLI,,,,,,
719,Task Group,,,,,,
720,Southern Cross Care,,,,,,
721,Perpetual,,,,,,
722,Ampersand,,,,,,
723,Serco,,,,,,
724,Denodo Technologies,,,,,,
725,Y&R ANZ,,,,,,
726,Adelphi Digital,,,,,,
727,Phocas Software,,,,,,
728,Altis Consulting,,,,,,
729,Atlis Consulting,,,,,,
730,Altis Consulting Pty Ltd,,,,,,
731,Perform Group,,,,,,
732,Tenix Solutions Pty Ltd,,,,,,
733,Renewable Energy Systems Ltd.,,,,,,
734,St. Michael's Grammar School,,,,,,
735,Elbit Systems of Australia,,,,,,
736,Estee Lauder,,,,,,
737,Ethos Urban,,,,,,
738,Alcon Labs,,,,,,
739,lighthouse8,,,,,,
740,EA People,,,,,,
741,Mitch & Partners,,,,,,
742,Vision Critical,,,,,,
743,ansarada,,,,,,
744,"Envistacom, LLC",,,,,,
745,QuintilesIMS,,,,,,
746,Mantel Group,,,,,,
747,LiveTiles,,,,,,
748,Tenixsol,,,,,,
749,Rockwell Automation,,,,,,
750,Engility,,,,,,
751,BuildingIQ,,,,,,
752,Apttus,,,,,,
753,Pollen,,,,,,
754,New Relic,,,,,,
755,Hortonworks,,,,,,
756,Metro Trains Melbourne,,,,,,
757,Peoplecorp,,,,,,
758,Abbott Laboratories,,,,,,
759,Brand Networks,,,,,,
760,Australian Financial Security Authority (AFSA),,,,,,
761,University of Newcastle,,,,,,
762,Smith & Nephew,,,,,,
763,Port of Newcastle,,,,,,
764,The Royal Australasian College of Physicians,,,,,,
765,Harlow Group,,,,,,
766,Mavenlink,,,,,,
767,Beyond Holdings Limited,,,,,,
768,Fisher Leadership,,,,,,
769,likeIT Recruitment,,,,,,
770,phantom,,,,,,
771,Havi Logistics,,,,,,
772,Opal Black Resources,,,,,,
773,Sapien Cyber Limited,,,,,,
774,The Monday Group,,,,,,
775,Eaton,,,,,,
776,Cluey Learning Pty Ltd,,,,,,
777,Billigence Pty Ltd,,,,,,
778,Crypto Recruit,,,,,,
779,Face2Face Recruitment,,,,,,
780,dale alcock,,,,,,
781,Wilmar Sugar,,,,,,
782,Melbourne Water,,,,,,
783,Pentasia,,,,,,
784,BigCommerce,,,,,,
785,Abt JTA,,,,,,
786,Black Swan Group,,,,,,
787,Grant Thornton,,,,,,
788,MILLER LEITH,,,,,,
789,Research Recruitment,,,,,,
790,Volt,,,,,,
791,Boeing,,,,,,
792,Monadelphous,,,,,,
793,Windsor Group,,,,,,
794,Six Degrees Executive,,,,,,
795,"Cylance, Inc.",,,,,,
796,Tata Consultancy Services (TCS),,,,,,
797,Cristal Global,,,,,,
798,Skill People,,,,,,
799,Quinton Anthony,,,,,,
800,Centorrino Technologies,,,,,,
801,HCM Australia,,,,,,
802,Frontline Health,,,,,,
803,NSW Resources Regulator,,,,,,
804,HiTech Personnel,,,,,,
805,Lion People Global,,,,,,
806,OFX,,,,,,
807,CNH Industrial,,,,,,
808,GHD,,,,,,
809,PMWorks,,,,,,
810,SAPTURE INTERNATIONAL,,,,,,
811,BT People,,,,,,
812,Ensure Recruitment,,,,,,
813,SHAPE Australia Pty Ltd,,,,,,
814,Fircroft,,,,,,
815,Nexus Executive Services,,,,,,
816,Speller International,,,,,,
817,MicroChannel Services,,,,,,
818,Inecom Technology Partners,,,,,,
819,Law Staff,,,,,,
820,PageExecutive,,,,,,
821,Kyte Financial Recruitment,,,,,,
822,AFL Recruitment,,,,,,
